-- phpMyAdmin SQL Dump
-- version 3.3.10
-- http://www.phpmyadmin.net
--
-- Host: localhost
-- Generation Time: Nov 21, 2012 at 04:55 AM
-- Server version: 5.5.11
-- PHP Version: 5.3.6

SET SQL_MODE="NO_AUTO_VALUE_ON_ZERO";


/*!40101 SET @OLD_CHARACTER_SET_CLIENT=@@CHARACTER_SET_CLIENT */;
/*!40101 SET @OLD_CHARACTER_SET_RESULTS=@@CHARACTER_SET_RESULTS */;
/*!40101 SET @OLD_COLLATION_CONNECTION=@@COLLATION_CONNECTION */;
/*!40101 SET NAMES utf8 */;

--
-- Database: `flowartz`
--

-- --------------------------------------------------------

--
-- Table structure for table `fa_cities`
--

DROP TABLE IF EXISTS `fa_cities`;
CREATE TABLE IF NOT EXISTS `fa_cities` (
  `id` int(11) NOT NULL AUTO_INCREMENT,
  `name` varchar(100) CHARACTER SET utf8 NOT NULL,
  `state_id` int(11) NOT NULL,
  `country_id` int(11) NOT NULL,
  PRIMARY KEY (`id`)
) ENGINE=InnoDB  DEFAULT CHARSET=utf8 COLLATE=utf8_unicode_ci AUTO_INCREMENT=743 ;

--
-- Dumping data for table `fa_cities`
--

INSERT INTO `fa_cities` (`id`, `name`, `state_id`, `country_id`) VALUES
(1, 'Toronto', 58, 1),
(2, 'North York', 58, 1),
(3, 'Hamilton', 58, 1),
(4, 'London', 58, 1),
(5, 'Saskatoon', 61, 1),
(6, 'Stanford', 5, 2),
(7, 'Cambridge', 22, 2),
(8, 'Washington', 48, 2),
(9, 'Edmonton', 52, 1),
(10, 'Athabasca', 52, 1),
(11, 'Calgary', 52, 1),
(12, 'Lethbridge', 52, 1),
(13, 'North Vancouver', 53, 1),
(14, 'Vancouver', 53, 1),
(15, 'Richmond', 53, 1),
(16, 'Squamish', 53, 1),
(17, 'Victoria', 53, 1),
(18, 'Burnaby', 53, 1),
(19, 'Kamloops', 53, 1),
(20, 'Langley', 53, 1),
(21, 'Abbotsford', 53, 1),
(22, 'Prince George', 53, 1),
(23, 'Nanaimo', 53, 1),
(24, 'Brandon', 54, 1),
(25, 'Winnipeg', 54, 1),
(26, 'Sussex', 55, 1),
(27, 'Moncton', 55, 1),
(28, 'Sackville', 55, 1),
(29, 'Fredericton', 55, 1),
(30, 'St. Stephen', 55, 1),
(31, 'St. John', 56, 1),
(32, 'Wolfville', 57, 1),
(33, 'Halifax', 57, 1),
(34, 'Sydney', 57, 1),
(35, 'Bible Hill', 57, 1),
(36, 'Antigonish', 57, 1),
(37, 'Church Point', 57, 1),
(38, 'Sault Ste. Marie', 52, 1),
(39, 'St. Catharines', 58, 1),
(40, 'Ottawa', 58, 1),
(41, 'Guelph', 58, 1),
(42, 'Thunder Bay', 58, 1),
(43, 'Sudbury', 58, 1),
(44, 'North Bay', 58, 1),
(45, 'Oshawa', 58, 1),
(46, 'Kingston', 58, 1),
(47, 'Ancaster', 58, 1),
(48, 'Waterloo', 58, 1),
(49, 'Windsor', 58, 1),
(50, 'Charlottetown', 59, 1),
(51, 'Sherbrooke', 60, 1),
(52, 'Montreal', 60, 1),
(53, 'Quebec City', 60, 1),
(54, 'Rouyn-Noranda', 60, 1),
(55, 'Gatineau', 60, 1),
(56, 'Chicoutimi', 60, 1),
(57, 'Rimouski', 60, 1),
(58, 'Trois-Rivières', 60, 1),
(59, 'Regina', 61, 1),
(60, 'Sault Ste. Marie', 58, 1),
(61, 'Washington', 9, 2),
(62, 'Athens', 1, 2),
(63, 'Auburn', 1, 2),
(64, 'Birmingham', 1, 2),
(65, 'Daphne', 1, 2),
(66, 'Dothan', 1, 2),
(67, 'Florence', 1, 2),
(68, 'Huntsville', 1, 2),
(69, 'Jacksonville', 1, 2),
(70, 'Livingston', 1, 2),
(71, 'Marion', 1, 2),
(72, 'Mobile', 1, 2),
(73, 'Montevallo', 1, 2),
(74, 'Montgomery', 1, 2),
(75, 'Orange Beach', 1, 2),
(76, 'Phenix City', 1, 2),
(77, 'Selma', 1, 2),
(78, 'Talladega', 1, 2),
(79, 'Troy', 1, 2),
(80, 'Tuscaloosa', 1, 2),
(81, 'Tuskegee', 1, 2),
(82, 'Anchorage', 2, 2),
(83, 'Fairbanks', 2, 2),
(84, 'Glennallen', 2, 2),
(85, 'Juneau', 2, 2),
(86, 'Sitka', 2, 2),
(87, 'Flagstaff', 3, 2),
(88, 'Glendale', 3, 2),
(89, 'Mesa', 3, 2),
(90, 'Phoenix', 3, 2),
(91, 'Prescott', 3, 2),
(92, 'Scottsdale', 3, 2),
(93, 'Tempe', 3, 2),
(94, 'Tucson', 3, 2),
(95, 'Arkadelphia', 4, 2),
(96, 'Batesville', 4, 2),
(97, 'Beebe', 4, 2),
(98, 'Clarksville', 4, 2),
(99, 'Conway', 4, 2),
(100, 'Fayetteville', 4, 2),
(101, 'Jonesboro', 4, 2),
(102, 'Little Rock', 4, 2),
(103, 'Magnolia', 4, 2),
(104, 'Monticello', 4, 2),
(105, 'Mountain Home', 4, 2),
(106, 'Newport', 4, 2),
(107, 'Pine Bluff', 4, 2),
(108, 'Russellville', 4, 2),
(109, 'Searcy', 4, 2),
(110, 'Siloam Springs', 4, 2),
(111, 'Walnut Ridge', 4, 2),
(112, 'Alameda', 5, 2),
(113, 'Aliso Viejo', 5, 2),
(114, 'Angwin', 5, 2),
(115, 'Arcata', 5, 2),
(116, 'Atherton', 5, 2),
(117, 'Azusa', 5, 2),
(118, 'Bakersfield', 5, 2),
(119, 'Belmont', 5, 2),
(120, 'Berkeley', 5, 2),
(121, 'Burbank', 5, 2),
(122, 'Camarillo', 5, 2),
(123, 'Carlsbad', 5, 2),
(124, 'Carpinteria', 5, 2),
(125, 'Carson', 5, 2),
(126, 'Channel Islands Beach', 5, 2),
(127, 'Chico', 5, 2),
(128, 'Claremont', 5, 2),
(129, 'Costa Mesa', 5, 2),
(130, 'Cypress', 5, 2),
(131, 'Davis', 5, 2),
(132, 'El Cajon', 5, 2),
(133, 'Fresno', 5, 2),
(134, 'Fullerton', 5, 2),
(135, 'Glendale', 5, 2),
(136, 'Hayward', 5, 2),
(137, 'Inglewood', 5, 2),
(138, 'Irvine', 5, 2),
(139, 'Laguna Beach', 5, 2),
(140, 'La Mesa', 5, 2),
(141, 'La Mirada', 5, 2),
(142, 'La Verne', 5, 2),
(143, 'Loma Linda', 5, 2),
(144, 'Long Beach', 5, 2),
(145, 'Los Altos Hills', 5, 2),
(146, 'Los Angeles', 5, 2),
(147, 'Malibu', 5, 2),
(148, 'Merced', 5, 2),
(149, 'Modesto', 5, 2),
(150, 'Monterey', 5, 2),
(151, 'Moraga', 5, 2),
(152, 'National City', 5, 2),
(153, 'Oakland', 5, 2),
(154, 'Orange', 5, 2),
(155, 'Orinda', 5, 2),
(156, 'Palo Alto', 5, 2),
(157, 'Pasadena', 5, 2),
(158, 'Pico Rivera', 5, 2),
(159, 'Pomona', 5, 2),
(160, 'Redding', 5, 2),
(161, 'Redlands', 5, 2),
(162, 'Riverside', 5, 2),
(163, 'Rohnert Park', 5, 2),
(164, 'Sacramento', 5, 2),
(165, 'San Bernardino', 5, 2),
(166, 'San Diego', 5, 2),
(167, 'San Dimas', 5, 2),
(168, 'San Francisco', 5, 2),
(169, 'San Jose', 5, 2),
(170, 'San Lorenzo', 5, 2),
(171, 'San Luis Obispo', 5, 2),
(172, 'San Marcos', 5, 2),
(173, 'Santa Ana', 5, 2),
(174, 'Santa Barbara', 5, 2),
(175, 'Santa Clara', 5, 2),
(176, 'Santa Clarita', 5, 2),
(177, 'Santa Cruz', 5, 2),
(178, 'Santa Monica', 5, 2),
(179, 'Santa Paula', 5, 2),
(180, 'Scotts Valley', 5, 2),
(181, 'Seaside', 5, 2),
(183, 'Stockton', 5, 2),
(184, 'Sunnyvale', 5, 2),
(185, 'Thousand Oaks', 5, 2),
(186, 'Turlock', 5, 2),
(187, 'Vallejo', 5, 2),
(188, 'Victorville', 5, 2),
(189, 'West Covina', 5, 2),
(190, 'Whittier', 5, 2),
(191, 'Brighton', 6, 2),
(192, 'Canon City', 6, 2),
(193, 'Colorado Springs', 6, 2),
(194, 'Denver', 6, 2),
(195, 'Lakewood', 6, 2),
(196, 'Branford', 7, 2),
(197, 'Bridgeport', 7, 2),
(198, 'Brookfield', 7, 2),
(199, 'Monroe', 7, 2),
(200, 'Norwalk', 7, 2),
(201, 'Camden Wyoming', 8, 2),
(202, 'Dover', 8, 2),
(203, 'Middletown', 8, 2),
(204, 'Newark', 8, 2),
(205, 'Newport', 8, 2),
(206, 'Bolling Afb', 9, 2),
(207, 'District of Columbia', 9, 2),
(208, 'Fort Mcnair', 9, 2),
(210, 'Daytona Beach', 10, 2),
(211, 'Jacksonville', 10, 2),
(212, 'Miami', 10, 2),
(213, 'Orlando', 10, 2),
(214, 'Panama City', 10, 2),
(215, 'Sarasota', 10, 2),
(216, 'Tallahassee', 10, 2),
(217, 'Tampa', 10, 2),
(218, 'Albany', 11, 2),
(219, 'Athens', 11, 2),
(220, 'Atlanta', 11, 2),
(221, 'Columbus', 11, 1),
(222, 'Dalton', 11, 1),
(223, 'Haiku', 12, 2),
(224, 'Honolulu', 12, 2),
(225, 'Pearl City', 12, 2),
(226, 'Blackfoot', 13, 2),
(227, 'Garden City', 13, 2),
(228, 'Hayden', 13, 2),
(229, 'Lewiston', 13, 2),
(230, 'Nampa', 13, 2),
(231, 'Rexburg', 13, 2),
(232, 'Twin Falls', 13, 2),
(233, 'Arlington Heights', 14, 2),
(234, 'Aurora', 14, 2),
(235, 'Belleville', 14, 2),
(236, 'Bloomington', 14, 2),
(237, 'Champaign', 14, 2),
(238, 'Chicago', 14, 2),
(239, 'Crystal Lake', 14, 2),
(240, 'Decatur', 14, 2),
(241, 'Des Plaines', 14, 2),
(242, 'Downers Grove', 14, 2),
(243, 'Elgin', 14, 2),
(244, 'Elk Grove Village', 14, 2),
(245, 'Evanston', 14, 2),
(246, 'Joliet', 14, 2),
(247, 'Lombard', 14, 2),
(248, 'Moline', 14, 2),
(249, 'Naperville', 14, 2),
(250, 'Northbrook', 14, 2),
(251, 'Oak Park', 14, 2),
(252, 'Orland Park', 14, 2),
(253, 'Palatine', 14, 2),
(254, 'Peoria', 14, 2),
(255, 'Quincy', 14, 2),
(256, 'Rockford', 14, 2),
(257, 'Saint Charles', 14, 2),
(258, 'Schaumburg', 14, 2),
(259, 'Skokie', 14, 2),
(260, 'Springfield', 14, 2),
(261, 'Waukegan', 14, 2),
(262, 'Wheaton', 14, 2),
(263, 'Columbus', 15, 2),
(264, 'Indianapolis', 15, 2),
(265, 'Lafayette', 15, 2),
(266, 'Michigan City', 15, 2),
(267, 'Richmond', 15, 2),
(268, 'Burlington', 16, 2),
(269, 'Clinton', 16, 2),
(270, 'Davenport', 16, 2),
(271, 'Indianola', 16, 2),
(272, 'Iowa City', 16, 2),
(273, 'Mason City', 16, 2),
(274, 'Arkansas City', 17, 2),
(275, 'Hays', 17, 2),
(276, 'Independence', 17, 2),
(277, 'Kansas City', 17, 2),
(278, 'Pittsburg', 17, 2),
(279, 'Wichita', 17, 2),
(280, 'Campbellsville', 18, 2),
(281, 'Covington', 18, 2),
(282, 'Glasgow', 18, 2),
(283, 'Lexington', 18, 2),
(284, 'Louisville', 18, 2),
(285, 'Madisonville', 18, 2),
(286, 'Newport', 18, 2),
(287, 'Lafayette', 19, 2),
(288, 'Morgan City', 19, 2),
(289, 'New Orleans', 19, 2),
(290, 'Augusta', 20, 2),
(291, 'Belfast', 20, 2),
(292, 'Brunswick', 20, 2),
(293, 'Lewiston', 20, 2),
(294, 'Portland', 20, 2),
(295, 'Annapolis', 21, 2),
(296, 'Baltimore', 21, 2),
(297, 'Columbia', 21, 2),
(298, 'Ellicott City', 21, 2),
(299, 'Hyattsville', 21, 2),
(300, 'Silver Spring', 21, 2),
(301, 'Boston', 22, 2),
(302, 'Burlington', 22, 2),
(303, 'Dorchester', 22, 2),
(304, 'Lynn', 22, 2),
(305, 'Marlborough', 22, 2),
(306, 'Plymouth', 22, 2),
(307, 'Springfield', 22, 2),
(308, 'Detroit', 23, 2),
(309, 'Farmington', 23, 2),
(310, 'Jackson', 23, 2),
(311, 'Lansing', 23, 2),
(312, 'Midland', 23, 2),
(313, 'Rochester', 23, 2),
(314, 'Bloomington', 24, 2),
(315, 'Hopkins', 24, 2),
(316, 'Minneapolis', 24, 2),
(317, 'Plymouth', 24, 2),
(318, 'St Cloud', 24, 2),
(319, 'St Paul', 24, 2),
(320, 'Clarksdale', 25, 2),
(321, 'Cleveland', 25, 2),
(322, 'Jackson', 25, 2),
(323, 'Oxford', 25, 2),
(324, 'Pearl', 25, 2),
(325, 'Columbia', 26, 2),
(326, 'Independence', 26, 2),
(327, 'Kansas City', 26, 2),
(328, 'Springfield', 26, 2),
(329, 'St Louis', 26, 2),
(330, 'St Peters', 26, 2),
(331, 'Columbus', 27, 2),
(332, 'Glasgow', 27, 2),
(333, 'Hamilton', 27, 2),
(334, 'Livingston', 27, 2),
(335, 'Bellevue', 28, 2),
(336, 'Columbus', 28, 2),
(337, 'Fremont', 28, 2),
(338, 'Lexington', 28, 2),
(339, 'Nebraska City', 28, 2),
(340, 'Plattsmouth', 28, 2),
(341, 'Gardnerville', 29, 2),
(342, 'Hawthorne', 29, 2),
(343, 'Henderson', 29, 2),
(344, 'Las Vegas', 29, 2),
(345, 'North Las Vegas', 29, 2),
(346, 'Reno', 29, 2),
(347, 'Silver Springs', 29, 2),
(348, 'Spring Creek', 29, 2),
(349, 'Concord', 30, 2),
(350, 'Hampton', 30, 2),
(351, 'Hudson', 30, 2),
(352, 'Littleton', 30, 2),
(353, 'Manchester', 30, 2),
(354, 'Rochester', 30, 2),
(355, 'Salem', 30, 2),
(356, 'Atlantic City', 31, 2),
(357, 'Clifton', 31, 2),
(358, 'Jersey City', 31, 2),
(359, 'Morristown', 31, 2),
(360, 'Newark', 31, 2),
(361, 'Princeton', 31, 2),
(362, 'Union City', 31, 2),
(363, 'Carlsbad', 32, 2),
(364, 'Farmington', 32, 2),
(365, 'Las Vegas', 32, 2),
(366, 'Los Alamos', 32, 2),
(367, 'Lovington', 32, 2),
(368, 'Albany', 33, 2),
(369, 'Astoria', 33, 2),
(370, 'Binghamton', 33, 2),
(371, 'Bronx', 33, 2),
(372, 'Brooklyn', 33, 2),
(373, 'Buffalo', 33, 2),
(374, 'Farmingdale', 33, 2),
(375, 'Flushing', 33, 2),
(376, 'Garden City', 33, 2),
(377, 'Great Neck', 33, 2),
(378, 'Hicksville', 33, 2),
(379, 'Huntington', 33, 2),
(380, 'Ithaca', 33, 2),
(381, 'Jamaica', 33, 2),
(382, 'Kingston', 33, 2),
(383, 'Long Island City', 33, 2),
(384, 'Middletown', 33, 2),
(385, 'Mount Vernon', 33, 2),
(386, 'New Rochelle', 33, 2),
(387, 'New York', 33, 2),
(388, 'Newburgh', 33, 2),
(389, 'Niagara Falls', 33, 2),
(390, 'Poughkeepsie', 33, 2),
(391, 'Rochester', 33, 2),
(392, 'Schenectady', 33, 2),
(393, 'Staten Island', 33, 2),
(394, 'Syracuse', 33, 2),
(395, 'Utica', 33, 2),
(396, 'White Plains', 33, 2),
(397, 'Asheville', 34, 2),
(398, 'Concord', 34, 2),
(399, 'Hendersonville', 34, 2),
(400, 'Jacksonville', 34, 2),
(401, 'Lexington', 34, 2),
(402, 'Raleigh', 34, 2),
(403, 'Statesville', 34, 2),
(404, 'Carrington', 35, 2),
(405, 'Devils Lake', 35, 2),
(406, 'Fargo', 35, 2),
(407, 'Harvey', 35, 2),
(408, 'Jamestown', 35, 2),
(409, 'Rugby', 35, 2),
(410, 'Valley City', 35, 2),
(411, 'Watford City', 35, 2),
(412, 'West Fargo', 35, 2),
(413, 'Cincinnati', 36, 2),
(414, 'Cleveland', 36, 2),
(415, 'Columbus', 36, 2),
(416, 'Dayton', 36, 2),
(417, 'Lancaster', 36, 2),
(418, 'Middletown', 36, 2),
(419, 'Springfield', 36, 2),
(420, 'Bethany', 37, 2),
(421, 'Lawton', 37, 2),
(422, 'Miami', 37, 2),
(423, 'Oklahoma City', 37, 2),
(424, 'Tahlequah', 37, 2),
(425, 'Beaverton', 38, 2),
(426, 'Hillsboro', 38, 2),
(427, 'Milwaukie', 38, 2),
(428, 'Oregon City', 38, 2),
(429, 'Portland', 38, 2),
(430, 'Springfield', 38, 2),
(431, 'Chambersburg', 39, 2),
(432, 'Greensburg', 39, 2),
(433, 'Harrisburg', 39, 2),
(434, 'Lancaster', 39, 2),
(435, 'New Castle', 39, 2),
(436, 'Philadelphia', 39, 2),
(437, 'Pittsburgh', 39, 2),
(438, 'Pottstown', 39, 2),
(439, 'Central Falls', 40, 2),
(440, 'Cumberland', 40, 2),
(441, 'Middletown', 40, 2),
(442, 'Newport', 40, 2),
(443, 'Providence', 40, 2),
(444, 'Riverside', 40, 2),
(445, 'Warren', 40, 2),
(446, 'Anderson', 41, 2),
(447, 'Columbia', 41, 2),
(449, 'Georgetown', 41, 2),
(450, 'Lexington', 41, 2),
(451, 'Mt Pleasant', 41, 2),
(452, 'Orangeburg', 41, 2),
(453, 'Summerville', 41, 2),
(454, 'Canton', 42, 2),
(455, 'Hot Springs', 42, 2),
(456, 'Madison', 42, 2),
(457, 'Pierre', 42, 2),
(458, 'Rapid City', 42, 2),
(459, 'Sioux Falls', 42, 2),
(460, 'Watertown', 42, 2),
(461, 'Clarksville', 43, 2),
(462, 'Cleveland', 43, 2),
(463, 'Columbia', 43, 2),
(464, 'Cookeville', 43, 2),
(465, 'Dyersburg', 43, 2),
(466, 'Goodlettsville', 43, 2),
(467, 'Greeneville', 43, 2),
(468, 'Hendersonville', 43, 2),
(469, 'Jackson', 43, 2),
(470, 'Johnson City', 43, 2),
(471, 'Maryville', 43, 2),
(472, 'Memphis', 43, 2),
(473, 'Nashville', 43, 2),
(474, 'Amarillo', 44, 2),
(475, 'Arlington', 44, 2),
(476, 'Austin', 44, 2),
(477, 'Conroe', 44, 2),
(478, 'Dallas', 44, 2),
(479, 'Garland', 44, 2),
(480, 'Houston', 44, 2),
(481, 'Irving', 44, 2),
(482, 'Mesquite', 44, 2),
(483, 'Midland', 44, 2),
(484, 'Richardson', 44, 2),
(485, 'San Antonio', 44, 2),
(486, 'Spring', 44, 2),
(487, 'Wichita Falls', 44, 2),
(488, 'Brigham City', 45, 2),
(489, 'Clearfield', 45, 2),
(490, 'Kaysville', 45, 2),
(491, 'Layton', 45, 2),
(492, 'Logan', 45, 2),
(493, 'North Salt Lake', 45, 2),
(494, 'Pleasant Grove', 45, 2),
(495, 'Riverton', 45, 2),
(496, 'Salt Lake City', 45, 2),
(497, 'Springville', 45, 2),
(498, 'St George', 45, 2),
(499, 'Bennington', 46, 2),
(500, 'Brattleboro', 46, 2),
(501, 'Burlington', 46, 2),
(502, 'Chester', 46, 2),
(503, 'Milton', 46, 2),
(505, 'Morrisville', 46, 2),
(507, 'Newport', 46, 2),
(508, 'Shelburne', 46, 2),
(509, 'Springfield', 46, 2),
(510, 'Arlington', 47, 2),
(511, 'Danville', 47, 2),
(512, 'Fredericksburg', 47, 2),
(513, 'Hampton', 47, 2),
(514, 'Harrisonburg', 47, 2),
(515, 'Herndon', 47, 2),
(516, 'Leesburg', 47, 2),
(517, 'Newport News', 47, 2),
(518, 'Norfolk', 47, 2),
(519, 'Portsmouth', 47, 2),
(520, 'Springfield', 47, 2),
(521, 'Virginia Beach', 47, 2),
(522, 'Woodbridge', 47, 2),
(523, 'Bellevue', 48, 2),
(524, 'Banff', 52, 1),
(525, 'Bellingham', 48, 2),
(526, 'Camrose', 52, 1),
(527, 'Everett', 48, 2),
(528, 'Kennewick', 48, 2),
(529, 'Kirkland', 48, 2),
(530, 'Lakewood', 48, 2),
(531, 'Lynnwood', 48, 2),
(532, 'Olympia', 48, 2),
(533, 'Redmond', 48, 2),
(534, 'Seattle', 48, 2),
(535, 'Spokane', 48, 2),
(536, 'Tacoma', 48, 2),
(537, 'Vancouver', 48, 2),
(538, 'Bridgeport', 49, 2),
(539, 'Charles Town', 49, 2),
(540, 'Clarksburg', 49, 2),
(541, 'Fort Mcmurray', 52, 1),
(542, 'Lacombe', 52, 1),
(543, 'Fairmont', 49, 2),
(544, 'Huntington', 49, 2),
(545, 'Lewisburg', 49, 2),
(546, 'Logan', 49, 2),
(547, 'Morgantown', 49, 2),
(548, 'Moundsville', 49, 2),
(549, 'Princeton', 49, 2),
(550, 'Summersville', 49, 2),
(551, 'Appleton', 50, 2),
(552, 'Brookfield', 50, 2),
(553, 'Middleton', 50, 2),
(554, 'Milwaukee', 50, 2),
(555, 'Stevens Point', 50, 2),
(556, 'Superior', 50, 2),
(557, 'West Bend', 50, 2),
(558, 'Cheyenne', 51, 2),
(559, 'Evanston', 51, 2),
(560, 'Jackson', 51, 2),
(561, 'Newcastle', 51, 2),
(562, 'Powell', 51, 2),
(563, 'Riverton', 51, 2),
(564, 'Rock Springs', 51, 2),
(565, 'Wheatland', 51, 2),
(567, 'Grande Prairie', 52, 1),
(568, 'Hinton', 52, 1),
(569, 'Innisfail', 52, 1),
(570, 'Medicine Hat', 52, 1),
(571, 'Red Deer', 52, 1),
(572, 'Sherwood Park', 52, 1),
(573, 'Campbell River', 52, 1),
(574, 'Chilliwack', 52, 1),
(575, 'Coquitlam', 52, 1),
(576, 'Cranbrook', 52, 1),
(577, 'Delta', 52, 1),
(578, 'Kelowna', 52, 1),
(579, 'Maple Ridge', 52, 1),
(580, 'New Westminster', 52, 1),
(581, 'Kitimat', 52, 1),
(582, 'Peachland', 52, 1),
(583, 'Penticton', 52, 1),
(584, 'Port Alberni', 52, 1),
(585, 'Port Coquitlam', 52, 1),
(586, 'Powell River', 52, 1),
(587, 'Sparwood', 52, 1),
(588, 'Surrey', 52, 1),
(589, 'Terrace', 52, 1),
(590, 'Vernon', 52, 1),
(591, 'West Vancouver', 52, 1),
(592, 'Westbank', 52, 1),
(593, 'Whistler', 52, 1),
(594, 'Selkirk', 52, 1),
(595, 'Steinbach', 52, 1),
(596, 'Thompson', 52, 1),
(599, 'Edmundston', 55, 1),
(600, 'Bathurst', 55, 1),
(603, 'Grand Falls', 55, 1),
(605, 'Dieppe', 55, 1),
(607, 'Miramichi', 55, 1),
(608, 'Oromocto', 55, 1),
(609, 'Saint John', 55, 1),
(610, 'Woodstock', 55, 1),
(611, 'Carbonear', 56, 1),
(612, 'Clarenville', 56, 1),
(613, 'Corner Brook', 56, 1),
(614, 'Gander', 56, 1),
(615, 'Grand Falls-Windsor', 56, 1),
(616, 'Labrador City', 56, 1),
(617, 'Marystown', 56, 1),
(618, 'St Anthony', 56, 1),
(619, 'Stephenville', 56, 1),
(620, 'Yellowknife', 62, 1),
(621, 'Bedford', 57, 1),
(622, 'Bridgewater', 57, 1),
(623, 'Dartmouth', 57, 1),
(624, 'Greenwood', 57, 1),
(625, 'Lower Sackville', 57, 1),
(626, 'New Glasgow', 57, 1),
(627, 'New Minas', 57, 1),
(628, 'Shelburne', 57, 1),
(629, 'Truro', 57, 1),
(630, 'Yarmouth', 57, 1),
(631, 'Barrie', 58, 1),
(632, 'Belleville', 58, 1),
(633, 'Brampton', 58, 1),
(634, 'Brantford', 58, 1),
(635, 'Brockville', 58, 1),
(636, 'Burlington', 58, 1),
(637, 'Cambridge', 58, 1),
(638, 'Chatham', 58, 1),
(639, 'Cobourg', 58, 1),
(640, 'Concord', 58, 1),
(641, 'Conwall', 58, 1),
(642, 'Goderich', 58, 1),
(643, 'Hunstville', 58, 1),
(644, 'St. Jacobs', 58, 1),
(645, 'St. Thomas', 58, 1),
(646, 'Kenora', 58, 1),
(647, 'Kitchener', 58, 1),
(648, 'Lindsay', 58, 1),
(649, 'Markham', 58, 1),
(650, 'Milton', 58, 1),
(651, 'Mississauga', 58, 1),
(652, 'Nepean', 58, 1),
(653, 'Niagara Falls', 58, 1),
(654, 'New Market', 58, 1),
(655, 'Oakville', 58, 1),
(656, 'Orangeville', 58, 1),
(657, 'Owen Sound', 58, 1),
(658, 'Peterborough', 58, 1),
(659, 'Pickering', 58, 1),
(660, 'Richmond Hill', 58, 1),
(661, 'Sarnia', 58, 1),
(662, 'Stratford', 58, 1),
(663, 'Welland', 58, 1),
(664, 'Whitby', 58, 1),
(665, 'Montague', 59, 1),
(666, 'Summerside', 59, 1),
(667, 'Anjou', 60, 1),
(668, 'Brossard', 60, 1),
(669, 'Châteauguay', 60, 1),
(670, 'Deux-Montagnes / Sainte-Marthe-sur-le-Lac', 60, 1),
(671, 'Joliette', 60, 1),
(672, 'Jonquière', 60, 1),
(673, 'Lachute', 60, 1),
(674, 'Lasalle', 60, 1),
(675, 'Laval', 60, 1),
(676, 'Lévis', 60, 1),
(677, 'Longueuil', 60, 1),
(678, 'Lower Saint Lawrence', 60, 1),
(679, 'Montreal-Nord', 60, 1),
(680, 'Pointe-Claire', 60, 1),
(681, 'Pointe aux Trembles', 60, 1),
(682, 'Rosemere', 60, 1),
(683, 'Saint-Bruno-de-Montarville', 60, 1),
(684, 'Saint-Eustache', 60, 1),
(685, 'Saint-Hyacinthe', 60, 1),
(686, 'Saint-Jean-Sur-Richelieu', 60, 1),
(687, 'Saint-Georges', 60, 1),
(688, 'Saint-Hubert', 60, 1),
(689, 'Saint-Jerome', 60, 1),
(690, 'Saint-Laurent', 60, 1),
(691, 'Saint-Leonard', 60, 1),
(692, 'Sainte-Foy', 60, 1),
(693, 'Salaberry-de-Valleyfield', 60, 1),
(694, 'Terrebonne', 60, 1),
(695, 'Moose Jaw', 61, 1),
(696, 'North Battleford', 61, 1),
(697, 'Dawson Creek', 52, 1),
(698, 'Selkirk', 54, 1),
(699, 'Steinbach', 54, 1),
(700, 'Thompson', 54, 1),
(701, 'Vaughan', 58, 1),
(702, 'Prince Albert', 61, 1),
(703, 'Campbell River', 53, 1),
(704, 'St Albert', 52, 1),
(706, 'Nelson', 52, 1),
(707, 'Chilliwack', 53, 1),
(708, 'Coquitlam', 53, 1),
(709, 'Dawson Creek', 53, 1),
(710, 'Delta', 53, 1),
(711, 'Kelowna', 53, 1),
(712, 'Nelson', 53, 1),
(713, 'Maple Ridge', 53, 1),
(714, 'New Westminster', 53, 1),
(715, 'Kitimat', 53, 1),
(716, 'Peachland', 53, 1),
(717, 'Penticton', 53, 1),
(718, 'Port Alberni', 53, 1),
(719, 'Powell River', 53, 1),
(720, 'Sparwood', 53, 1),
(721, 'Surrey', 53, 1),
(722, 'Terrace', 53, 1),
(723, 'Vernon', 53, 1),
(724, 'West Vancouver', 53, 1),
(725, 'Westbank', 53, 1),
(726, 'Whistler', 53, 1),
(727, 'Amherst', 57, 1),
(728, 'Temiskaming Shores', 58, 1),
(729, 'Timmins', 58, 1),
(730, 'Swift Current', 61, 1),
(731, 'Yorkton', 61, 1),
(732, 'Whitehorse', 63, 1),
(733, 'Cranbrook', 53, 1),
(734, 'Milpitas', 5, 2),
(736, 'Etobicoke', 58, 1),
(737, 'Thornhill', 58, 1),
(738, 'Scarborough', 58, 1),
(739, 'Ajax', 58, 1),
(740, 'StoneyCreek', 1, 1),
(741, 'Georgetown', 58, 1),
(742, 'Stoney Creek', 1, 1);

-- --------------------------------------------------------

--
-- Table structure for table `fa_countries`
--

DROP TABLE IF EXISTS `fa_countries`;
CREATE TABLE IF NOT EXISTS `fa_countries` (
  `id` int(11) NOT NULL AUTO_INCREMENT,
  `iso` varchar(255) CHARACTER SET utf8 DEFAULT NULL,
  `name` varchar(255) CHARACTER SET utf8 DEFAULT NULL,
  `printable_name` varchar(255) CHARACTER SET utf8 DEFAULT NULL,
  `iso3` varchar(255) CHARACTER SET utf8 DEFAULT NULL,
  `numcode` int(11) DEFAULT NULL,
  PRIMARY KEY (`id`)
) ENGINE=InnoDB  DEFAULT CHARSET=utf8 COLLATE=utf8_unicode_ci AUTO_INCREMENT=3 ;

--
-- Dumping data for table `fa_countries`
--

INSERT INTO `fa_countries` (`id`, `iso`, `name`, `printable_name`, `iso3`, `numcode`) VALUES
(1, 'CA', 'CANADA', 'Canada', 'CAN', 124),
(2, 'US', 'UNITED STATES', 'United States', 'USA', 840);

-- --------------------------------------------------------

--
-- Table structure for table `fa_galleries`
--

DROP TABLE IF EXISTS `fa_galleries`;
CREATE TABLE IF NOT EXISTS `fa_galleries` (
  `id` int(10) NOT NULL AUTO_INCREMENT,
  `uid` int(10) NOT NULL,
  `name` varchar(255) NOT NULL,
  `ordered` tinyint(2) NOT NULL DEFAULT '0',
  `created` datetime NOT NULL DEFAULT '0000-00-00 00:00:00',
  PRIMARY KEY (`id`),
  KEY `uid_idx` (`uid`)
) ENGINE=InnoDB  DEFAULT CHARSET=utf8 AUTO_INCREMENT=42 ;

--
-- Dumping data for table `fa_galleries`
--

INSERT INTO `fa_galleries` (`id`, `uid`, `name`, `ordered`, `created`) VALUES
(4, 77, 'Lighthouse.jpg', 0, '2012-09-05 04:28:05'),
(5, 45, 'Fire_breathing.jpg', 0, '2012-09-06 11:33:18'),
(6, 45, 'Poi2.jpg', 1, '2012-09-06 11:33:18'),
(18, 83, '4a523f7b_22023cf2_l?u_di?c_phi_313.jpg', 0, '2012-09-10 02:20:46'),
(19, 84, '4a523f7b_22023cf2_l?u_di?c_phi_314.jpg', 0, '2012-09-10 02:21:16'),
(23, 83, '2.jpg', 0, '2012-09-10 02:28:52'),
(24, 83, '-3-lee-seung-gi-29096748-480-7201.jpg', 1, '2012-09-10 02:28:52'),
(25, 84, '8.jpg', 0, '2012-09-10 02:44:05'),
(27, 81, '9.jpg', 0, '2012-09-10 03:12:33'),
(29, 81, '37.jpg', 2, '2012-09-10 03:12:33'),
(30, 84, '238.jpg', 0, '2012-09-10 04:21:57'),
(31, 81, '89528-brad_pitt.jpg', 0, '2012-09-10 20:10:21'),
(32, 87, '581200_10151242849795209_796489285_n.jpg', 0, '2012-09-15 21:33:46'),
(33, 87, '226072_274762262624004_214562545_n.jpg', 1, '2012-09-15 21:33:46'),
(37, 19, 'clown_face.jpg', 2, '2012-10-09 13:15:16'),
(38, 20, '301274_231660170222746_1663642920_n.jpg', 0, '2012-10-09 14:45:53'),
(39, 31, 'hhh.jpg', 0, '2012-10-10 15:26:20'),
(40, 31, 'hoooop.jpg', 1, '2012-10-10 15:26:20'),
(41, 31, 'hooper1.jpg', 2, '2012-10-10 15:26:21');

-- --------------------------------------------------------

--
-- Table structure for table `fa_profile_images`
--

DROP TABLE IF EXISTS `fa_profile_images`;
CREATE TABLE IF NOT EXISTS `fa_profile_images` (
  `name` varchar(255) DEFAULT NULL,
  `description` mediumblob,
  `uid` int(10) NOT NULL,
  `pid` int(10) unsigned NOT NULL AUTO_INCREMENT,
  PRIMARY KEY (`pid`),
  UNIQUE KEY `uid` (`uid`)
) ENGINE=MyISAM  DEFAULT CHARSET=utf8 AUTO_INCREMENT=145 ;

--
-- Dumping data for table `fa_profile_images`
--

INSERT INTO `fa_profile_images` (`name`, `description`, `uid`, `pid`) VALUES
('1b962b766e2623572f9b6baa015e43df3c2821a3.jpg', NULL, 17, 5),
('3169d7336b438c48836a8e3ec9608ede265ec4cf.jpg', NULL, 40, 4),
('a49481ddb6b6131007e2d60816e14d14ff8b091d.png', NULL, 43, 10),
('2910230369b77b6c7059f4089815c3bbd60a53c3.jpg', NULL, 26, 6),
('335eec168ccede4850770244147dfdd2.jpg', NULL, 45, 54),
('fa1ec76e80dcfacb9e270e464bd6f81f97df1ef6.jpg', NULL, 47, 12),
('bf062bda4a5aff63da64b7e4457d3d4f430aa5e6.png', NULL, 50, 18),
('baa6ce5a7d8045509c9d7ea9d193c90778ef6fab.jpg', NULL, 52, 19),
('1047b50aa6c98fb00563f19300e92a2821a18171.jpg', NULL, 53, 20),
('b0d2c3104b44b722784ec31f099eec7ad83cde2b.jpg', NULL, 55, 22),
('91ae2e1cbb629f5df3a65ce4efb56002a81ec167.jpg', NULL, 59, 23),
('35e032959d01c86fc176b6a8366f32553398c6eb.JPG', NULL, 63, 24),
('1db381ac394d9ccb7205aa1d93e0f19be0b69461.jpg', NULL, 64, 26),
('3e9fe228231db29a862603a18079a84e8da62f22.jpg', NULL, 66, 27),
('62c66887733123ad0901a9d7066957a1d968540c.JPG', NULL, 71, 28),
('b620a313f56659e28bfe1fd080e8796e72b7b81e.jpg', NULL, 76, 29),
('76818aab7b1474f346a042b3cc197ae5.jpg', NULL, 77, 53),
('ad822fd8a876c8657ebbe9b4f12793f0.jpg', NULL, 78, 55),
(NULL, NULL, 79, 56),
(NULL, NULL, 80, 57),
('a9404e9f4edc9279e7964978f41c99d8.jpg', NULL, 81, 69),
('4ac4b9ce362d4ebe93769555b353ae05.jpg', NULL, 83, 72),
('6df61e34f56f2cfb3364390e9603ebf9.jpg', NULL, 82, 68),
('ed3ef6deb887ee002e413229ac5d56b8.jpg', NULL, 84, 76),
(NULL, NULL, 85, 73),
(NULL, NULL, 86, 74),
('e67e7391ac9c5b45ffb98f8cc658f8fc.jpg', NULL, 87, 80),
(NULL, NULL, 88, 78),
(NULL, NULL, 89, 79),
(NULL, NULL, 90, 81),
(NULL, NULL, 91, 82),
(NULL, NULL, 92, 83),
(NULL, NULL, 93, 84),
(NULL, NULL, 94, 85),
('f5db6ca71e404ee43ae6fe339606c1ac.jpg', NULL, 95, 89),
(NULL, NULL, 96, 90),
('ca92ecafd9ab70ac31df765234ce50f4.jpg', NULL, 1, 92),
('e626350ff71f7afbb70386f2e5a292aa.jpg', NULL, 2, 99),
(NULL, NULL, 3, 94),
(NULL, NULL, 4, 95),
(NULL, NULL, 5, 96),
(NULL, NULL, 6, 97),
(NULL, NULL, 8, 100),
(NULL, NULL, 9, 101),
(NULL, NULL, 10, 102),
(NULL, NULL, 11, 103),
(NULL, NULL, 12, 104),
(NULL, NULL, 13, 105),
(NULL, NULL, 14, 106),
('22c04f01527314246c71d946a984ed18.jpg', NULL, 15, 108),
('8ee5767b2840c1081bc6fefcaac26f4b.jpg', NULL, 16, 110),
('b84d0516b3d7a55b1fc62e373c6566d4.jpg', NULL, 18, 113),
('299e6c5177317161628ac41bcc45f07b.jpg', NULL, 7, 115),
('2941f0654d51d8fb77caa22bcc4e0dbe.jpg', NULL, 19, 120),
('58562b4eabc16c794f83fa1d6b903567.jpg', NULL, 20, 118),
(NULL, NULL, 21, 119),
(NULL, NULL, 22, 121),
(NULL, NULL, 23, 122),
(NULL, NULL, 24, 123),
(NULL, NULL, 25, 124),
(NULL, NULL, 27, 126),
(NULL, NULL, 28, 127),
(NULL, NULL, 29, 128),
(NULL, NULL, 30, 129),
('5cdbe8a44b5e0bba5544707563367613.jpg', NULL, 31, 133),
(NULL, NULL, 32, 134),
(NULL, NULL, 33, 135),
(NULL, NULL, 34, 136),
(NULL, NULL, 35, 137),
('813c36de46dd1fb71d9dc258278c602c.png', NULL, 38, 142),
('a6b8add3a42143f5f94d1848388e530f.jpg', NULL, 39, 144);

-- --------------------------------------------------------

--
-- Table structure for table `fa_sessions`
--

DROP TABLE IF EXISTS `fa_sessions`;
CREATE TABLE IF NOT EXISTS `fa_sessions` (
  `session_id` varchar(40) NOT NULL DEFAULT '0',
  `ip_address` varchar(45) NOT NULL DEFAULT '0',
  `user_agent` varchar(120) NOT NULL,
  `last_activity` int(10) unsigned NOT NULL DEFAULT '0',
  `user_data` text NOT NULL,
  PRIMARY KEY (`session_id`),
  KEY `last_activity_idx` (`last_activity`)
) ENGINE=MyISAM DEFAULT CHARSET=utf8;

--
-- Dumping data for table `fa_sessions`
--

INSERT INTO `fa_sessions` (`session_id`, `ip_address`, `user_agent`, `last_activity`, `user_data`) VALUES
('9c5f76bb89f311054582297bee2a6e8d', '193.200.150.82', 'http://Anonymouse.org/ (Unix)', 1349255375, 'a:8:{s:9:"user_data";s:0:"";s:7:"user_id";s:2:"95";s:10:"user_token";s:53:"020cc9c3fd219f0e055e938e9fdb3f85c66fad99506bf73e95ea2";s:8:"user_lvd";N;s:9:"user_name";s:13:"vukhanhtruong";s:7:"country";N;s:5:"state";N;s:4:"city";N;}'),
('02793e558af1a6d3bf33f56261e90c1c', '193.200.150.82', 'http://Anonymouse.org/ (Unix)', 1349255378, ''),
('26f3cdb5d7dad137ca40d0453ccc0ef9', '193.200.150.82', 'http://Anonymouse.org/ (Unix)', 1349255421, 'a:2:{s:9:"user_data";s:0:"";s:4:"test";s:11:"Just a test";}'),
('5d5e0cf09b8a5d34135c884c3f81a77a', '193.200.150.82', 'http://Anonymouse.org/ (Unix)', 1349255481, ''),
('e56eefc8cb378cae1d847a5ce1481006', '193.200.150.82', 'http://Anonymouse.org/ (Unix)', 1349255482, ''),
('a3ca9eb0a22e81af93a8f0d55c6d6421', '193.200.150.82', 'http://Anonymouse.org/ (Unix)', 1349255498, 'a:8:{s:9:"user_data";s:0:"";s:7:"user_id";s:2:"95";s:10:"user_token";s:53:"020cc9c3fd219f0e055e938e9fdb3f85c66fad99506bf73e95ea2";s:8:"user_lvd";N;s:9:"user_name";s:13:"vukhanhtruong";s:7:"country";N;s:5:"state";N;s:4:"city";N;}'),
('2278efbeef4a44ba822d52a06e963dbc', '193.200.150.82', 'http://Anonymouse.org/ (Unix)', 1349255499, ''),
('063ad2d618a72104cd2667a9e9a3d7bd', '193.200.150.82', 'http://Anonymouse.org/ (Unix)', 1349255500, ''),
('71d34f06b0662f2936d072921f0217c7', '193.200.150.82', 'http://Anonymouse.org/ (Unix)', 1349255582, 'a:2:{s:9:"user_data";s:0:"";s:4:"test";s:11:"Just a test";}'),
('cd977ac8a4f3a117709fa932c1d2b6b6', '23.22.102.149', 'Mozilla/5.0 (Windows; U; Windows NT 6.0; en-US; rv:1.9.2.3) Gecko/20100401 Firefox/3.6.3 GTB6 (.NET CLR 3.5.30729)', 1349255605, ''),
('32553f2352687f0fb9b9f9ea80d2d4f8', '193.200.150.82', 'http://Anonymouse.org/ (Unix)', 1349255609, 'a:2:{s:9:"user_data";s:0:"";s:4:"test";a:7:{s:7:"user_id";s:2:"95";s:10:"user_token";s:53:"020cc9c3fd219f0e055e938e9fdb3f85c66fad99506bf73e95ea2";s:8:"user_lvd";N;s:9:"user_name";s:13:"vukhanhtruong";s:7:"country";N;s:5:"state";N;s:4:"city";N;}}'),
('5f34ef4922ac6dd3884029ff23863f8f', '193.200.150.82', 'http://Anonymouse.org/ (Unix)', 1349255640, 'a:8:{s:9:"user_data";s:0:"";s:7:"user_id";s:2:"95";s:10:"user_token";s:53:"020cc9c3fd219f0e055e938e9fdb3f85c66fad99506bf73e95ea2";s:8:"user_lvd";N;s:9:"user_name";s:13:"vukhanhtruong";s:7:"country";N;s:5:"state";N;s:4:"city";N;}'),
('fb733c7d53d9d4f885b0ac77ce65fb8c', '193.200.150.82', 'http://Anonymouse.org/ (Unix)', 1349255718, 'a:8:{s:9:"user_data";s:0:"";s:7:"user_id";s:2:"95";s:10:"user_token";s:53:"020cc9c3fd219f0e055e938e9fdb3f85c66fad99506bf73e95ea2";s:8:"user_lvd";N;s:9:"user_name";s:13:"vukhanhtruong";s:7:"country";N;s:5:"state";N;s:4:"city";N;}'),
('259f49c3302320443a734c7f7f62a274', '193.200.150.82', 'http://Anonymouse.org/ (Unix)', 1349255742, 'a:8:{s:9:"user_data";s:0:"";s:7:"user_id";s:2:"95";s:10:"user_token";s:53:"020cc9c3fd219f0e055e938e9fdb3f85c66fad99506bf73e95ea2";s:8:"user_lvd";N;s:9:"user_name";s:13:"vukhanhtruong";s:7:"country";N;s:5:"state";N;s:4:"city";N;}'),
('d717e34012dc021f1c77fbdd23d28946', '193.200.150.82', 'http://Anonymouse.org/ (Unix)', 1349255743, ''),
('1b69a4711ad08b1d3dcb21f8da26173e', '193.200.150.82', 'http://Anonymouse.org/ (Unix)', 1349255948, ''),
('a446e8b940cabec74b3da4c357e0cf39', '193.200.150.82', 'http://Anonymouse.org/ (Unix)', 1349255949, ''),
('ca4af639f0f02de447dcc7898b409b71', '193.200.150.82', 'http://Anonymouse.org/ (Unix)', 1349255982, 'a:8:{s:9:"user_data";s:0:"";s:7:"user_id";s:2:"95";s:10:"user_token";s:53:"020cc9c3fd219f0e055e938e9fdb3f85c66fad99506bf73e95ea2";s:8:"user_lvd";N;s:9:"user_name";s:13:"vukhanhtruong";s:7:"country";N;s:5:"state";N;s:4:"city";N;}'),
('8847e83eac0ba74e155459852ea9d90c', '193.200.150.82', 'http://Anonymouse.org/ (Unix)', 1349255983, ''),
('d6cd3932756f5607a9d6811eba112941', '193.200.150.82', 'http://Anonymouse.org/ (Unix)', 1349255984, ''),
('727a7b3ef81dcb98fedb4f6020a728cf', '193.200.150.82', 'http://Anonymouse.org/ (Unix)', 1349256225, 'a:7:{s:7:"user_id";s:2:"95";s:10:"user_token";s:53:"020cc9c3fd219f0e055e938e9fdb3f85c66fad99506bf73e95ea2";s:8:"user_lvd";s:0:"";s:9:"user_name";s:13:"vukhanhtruong";s:7:"country";s:0:"";s:5:"state";s:0:"";s:4:"city";s:0:"";}'),
('8941a2862079ea8d4f88573bcf8dee0f', '193.200.150.82', 'http://Anonymouse.org/ (Unix)', 1349256226, ''),
('10a022e5f2ea4b6592e800ed1995c2de', '193.200.150.82', 'http://Anonymouse.org/ (Unix)', 1349256227, ''),
('40e4f8c9ffffe924d8869352bf60475c', '193.200.150.82', 'http://Anonymouse.org/ (Unix)', 1349256406, 'a:8:{s:9:"user_data";s:0:"";s:7:"user_id";s:2:"95";s:10:"user_token";s:53:"020cc9c3fd219f0e055e938e9fdb3f85c66fad99506bf73e95ea2";s:8:"user_lvd";N;s:9:"user_name";s:13:"vukhanhtruong";s:7:"country";N;s:5:"state";N;s:4:"city";N;}'),
('aa2ddc12395064dbe46b1f16aa47e29f', '193.200.150.82', 'http://Anonymouse.org/ (Unix)', 1349256406, ''),
('9be0e472d6b842f20d88fbb6f3118496', '193.200.150.82', 'http://Anonymouse.org/ (Unix)', 1349256411, ''),
('220a3f03346666365ae2c031e21848be', '193.200.150.82', 'http://Anonymouse.org/ (Unix)', 1349256494, 'a:8:{s:9:"user_data";s:0:"";s:7:"user_id";s:2:"95";s:10:"user_token";s:53:"020cc9c3fd219f0e055e938e9fdb3f85c66fad99506bf73e95ea2";s:8:"user_lvd";N;s:9:"user_name";s:13:"vukhanhtruong";s:7:"country";N;s:5:"state";N;s:4:"city";N;}'),
('97e2502b5d9b8b0e3c83c7981daad7e2', '193.200.150.82', 'http://Anonymouse.org/ (Unix)', 1349256495, ''),
('50f49ff4916226e896c8c7345f7f9cdf', '193.200.150.82', 'http://Anonymouse.org/ (Unix)', 1349256496, ''),
('29525ca1fac44ce517218666c002642b', '193.200.150.82', 'http://Anonymouse.org/ (Unix)', 1349256764, ''),
('bf56ecb805519a1e7e443fa5c3e2c32d', '193.200.150.82', 'http://Anonymouse.org/ (Unix)', 1349256838, ''),
('ok3r0t3ptfsgpfk15mt9519ev5', '193.200.150.82', 'http://Anonymouse.org/ (Unix)', 1349257023, ''),
('4c81e2552e078e4f1224ca1f5d054233', '193.200.150.82', 'http://Anonymouse.org/ (Unix)', 1349257052, 'a:8:{s:9:"user_data";s:0:"";s:7:"user_id";s:2:"95";s:10:"user_token";s:53:"020cc9c3fd219f0e055e938e9fdb3f85c66fad99506bf73e95ea2";s:8:"user_lvd";N;s:9:"user_name";s:13:"vukhanhtruong";s:7:"country";N;s:5:"state";N;s:4:"city";N;}'),
('74d1ff6e2fe425ba156d8bec524e802e', '193.200.150.82', 'http://Anonymouse.org/ (Unix)', 1349257053, ''),
('21bcdff12fa50b88ca447f6c17c4a0af', '193.200.150.82', 'http://Anonymouse.org/ (Unix)', 1349257054, ''),
('f12256fa39b5784565f34e65c4a9d5d5', '193.200.150.82', 'http://Anonymouse.org/ (Unix)', 1349257083, ''),
('80f9ef222b90b6609ded92cb85274806', '193.200.150.82', 'http://Anonymouse.org/ (Unix)', 1349257219, 'a:7:{s:7:"user_id";s:2:"95";s:10:"user_token";s:53:"020cc9c3fd219f0e055e938e9fdb3f85c66fad99506bf73e95ea2";s:8:"user_lvd";s:0:"";s:9:"user_name";s:13:"vukhanhtruong";s:7:"country";s:0:"";s:5:"state";s:0:"";s:4:"city";s:0:"";}'),
('40df0b3c197610e934f99ec0859fc430', '193.200.150.82', 'http://Anonymouse.org/ (Unix)', 1349257220, ''),
('d243f072a6e9bb2014deec08e08d2920', '193.200.150.82', 'http://Anonymouse.org/ (Unix)', 1349257228, ''),
('5c6c2999a84561cd7b29c6905db3a115', '193.200.150.82', 'http://Anonymouse.org/ (Unix)', 1349257264, '');

-- --------------------------------------------------------

--
-- Table structure for table `fa_states`
--

DROP TABLE IF EXISTS `fa_states`;
CREATE TABLE IF NOT EXISTS `fa_states` (
  `id` int(11) NOT NULL AUTO_INCREMENT,
  `country_id` int(11) NOT NULL,
  `name` varchar(255) COLLATE utf8_unicode_ci NOT NULL,
  `alias` varchar(2) CHARACTER SET utf8 NOT NULL,
  PRIMARY KEY (`id`)
) ENGINE=InnoDB  DEFAULT CHARSET=utf8 COLLATE=utf8_unicode_ci AUTO_INCREMENT=64 ;

--
-- Dumping data for table `fa_states`
--

INSERT INTO `fa_states` (`id`, `country_id`, `name`, `alias`) VALUES
(1, 2, 'Alabama', 'AL'),
(2, 2, 'Alaska', 'AK'),
(3, 2, 'Arizona', 'AZ'),
(4, 2, 'Arkansas', 'AR'),
(5, 2, 'California', 'CA'),
(6, 2, 'Colorado', 'CO'),
(7, 2, 'Connecticut', 'CT'),
(8, 2, 'Delaware', 'DE'),
(9, 2, 'District Of Columbia', 'DC'),
(10, 2, 'Florida', 'FL'),
(11, 2, 'Georgia', 'GA'),
(12, 2, 'Hawaii', 'HI'),
(13, 2, 'Idaho', 'ID'),
(14, 2, 'Illinois', 'IL'),
(15, 2, 'Indiana', 'IN'),
(16, 2, 'Iowa', 'IA'),
(17, 2, 'Kansas', 'KS'),
(18, 2, 'Kentucky', 'KY'),
(19, 2, 'Louisiana', 'LA'),
(20, 2, 'Maine', 'ME'),
(21, 2, 'Maryland', 'MD'),
(22, 2, 'Massachusetts', 'MA'),
(23, 2, 'Michigan', 'MI'),
(24, 2, 'Minnesota', 'MN'),
(25, 2, 'Mississippi', 'MS'),
(26, 2, 'Missouri', 'MO'),
(27, 2, 'Montana', 'MT'),
(28, 2, 'Nebraska', 'NE'),
(29, 2, 'Nevada', 'NV'),
(30, 2, 'New Hampshire', 'NH'),
(31, 2, 'New Jersey', 'NJ'),
(32, 2, 'New Mexico', 'NM'),
(33, 2, 'New York', 'NY'),
(34, 2, 'North Carolina', 'NC'),
(35, 2, 'North Dakota', 'ND'),
(36, 2, 'Ohio', 'OH'),
(37, 2, 'Oklahoma', 'OK'),
(38, 2, 'Oregon', 'OR'),
(39, 2, 'Pennsylvania', 'PA'),
(40, 2, 'Rhode Island', 'RI'),
(41, 2, 'South Carolina', 'SC'),
(42, 2, 'South Dakota', 'SD'),
(43, 2, 'Tennessee', 'TN'),
(44, 2, 'Texas', 'TX'),
(45, 2, 'Utah', 'UT'),
(46, 2, 'Vermont', 'VT'),
(47, 2, 'Virginia', 'VA'),
(48, 2, 'Washington', 'WA'),
(49, 2, 'West Virginia', 'WV'),
(50, 2, 'Wisconsin', 'WI'),
(51, 2, 'Wyoming', 'WY'),
(52, 1, 'Alberta', 'AB'),
(53, 1, 'British Columbia', 'BC'),
(54, 1, 'Manitoba', 'MB'),
(55, 1, 'New Brunswick', 'NB'),
(56, 1, 'Newfoundland and Labrador', 'NL'),
(57, 1, 'Nova Scotia', 'NS'),
(58, 1, 'Ontario', 'ON'),
(59, 1, 'Prince Edward Island', 'PE'),
(60, 1, 'Québec', 'QC'),
(61, 1, 'Saskatchewan', 'SK'),
(62, 1, 'Northwest Territories', 'NT'),
(63, 1, 'Yukon', 'YK');

-- --------------------------------------------------------

--
-- Table structure for table `fa_users`
--

DROP TABLE IF EXISTS `fa_users`;
CREATE TABLE IF NOT EXISTS `fa_users` (
  `uid` int(10) NOT NULL AUTO_INCREMENT,
  `name` varchar(255) DEFAULT NULL,
  `password` varchar(255) NOT NULL,
  `email` varchar(100) NOT NULL,
  `website` varchar(255) DEFAULT NULL,
  `activated` varchar(255) DEFAULT 'NOT_ACTIVATED',
  `last_visit_date` int(10) DEFAULT NULL,
  `title` varchar(255) DEFAULT NULL,
  `location` varchar(255) DEFAULT NULL,
  `blurb` mediumblob,
  `sec_q` varchar(255) DEFAULT NULL,
  `sec_a` varchar(255) DEFAULT NULL,
  `views` bigint(10) NOT NULL DEFAULT '0',
  `join_date` int(10) NOT NULL,
  `ip` varchar(255) DEFAULT NULL COMMENT 'This is a temporary column, will be a table',
  `token` varchar(255) DEFAULT NULL,
  `country` char(3) DEFAULT NULL,
  `state` char(2) DEFAULT NULL,
  `city` int(10) DEFAULT NULL,
  PRIMARY KEY (`uid`)
) ENGINE=MyISAM  DEFAULT CHARSET=utf8 AUTO_INCREMENT=40 ;

--
-- Dumping data for table `fa_users`
--

INSERT INTO `fa_users` (`uid`, `name`, `password`, `email`, `website`, `activated`, `last_visit_date`, `title`, `location`, `blurb`, `sec_q`, `sec_a`, `views`, `join_date`, `ip`, `token`, `country`, `state`, `city`) VALUES
(1, NULL, 'ccb981bd052c337ef9a135d6626d9824d56ca84d', 'dj.beattie@hotmail.com', '', NULL, NULL, 'Flowformation', NULL, 0x496e73706972652074686520656d70617468657469632069732077686174206f6e65206f6e636520736169642e204920616d2061207772697465722c20617274697374206279206e61747572652c2070726f70207370696e6e696e672c2064697363206a6f636b65792e2054686174206a757374206c6f76657320746f207374697220757020736869742e2049206c696b6520746f2072616973652068656c6c20616e64206f6e6520636f756c64207361792c204920616d207468652077696c64206368696c64206f66206f6e6520426c612d2d202d2d2d2d2d2c20576169742049206d65616e206f6e652c20426f6220426561747469652e, 'Mother''s maiden name', 'sangster', 0, 1349331971, '108.173.245.245', 'a07478d9ceda9f98a9265ea3952f421924c1acaf506d2c0311fdb', '', NULL, NULL),
(2, 'Brandon', '4ee0fb1a2ff04595aee6638608534d0562dcccb9', 'Brandon@Flowartz.com', 'www.FlowArtz.com', NULL, NULL, 'Founder', NULL, 0x536f6d652064657461696c656420696e666f207468617420492077696c6c20757064617465206c617465722e, 'What was the name of your dog', 'Epic', 0, 1349333415, '70.74.238.99', 'b8e494c1ad6be937da21a4137a993af102bc49fb506d31a78c23f', 'CAN', 'AB', 9),
(3, 'ozocustomz', '84e90756f581b02b543c1c876f9eb34e480d4595', 'ozocustomz@live.ca', '', NULL, NULL, 'Custom Festival Clothing Designer/Festival Operator.Vendor', NULL, 0x4869206f5a6f206973206d7920417274697374204e616d6520206f5a6f437573746f6d5a204973206d79206d6f62696c652053746f726520492074726176656c207769746820416c6c2073756d6d657220546f20456c656374726f6e6963206d7573696320666573746976616c7321202049206d616b65202048616e642063726561746564206f6e65206f662061206b696e6420636c6f7468696e672041696d6564206174207468652073756d6d657220666573746976616c20736561736f6e210a4920437265617465204d6f73746c79205368616d6268616c6120496e7370696572642020686f6f64732120206f5a6f20436170732e20204f6e7365207468652068617420697320646f6e65204920636f6e74696e756520746f20776f726b20776974682074686520636c69656e7420746f20657861637420737065637320746f20637573746f6d206372656174652020616e6e79206f75746669742066726f6d206865616420746f2020746f652120205570677261646573202061726520206c69676874696e6720776974682072656d6f746520636f6e74726f6c212020616e797468696e6720697320706f737369626c652120202e2e2e2e2e2e4f6e206d79206f7468657220656e64206f662041727420496d206120736b6574636820617274697374207370656e642061626f757420313520686f7572732061207765656b206f6e205061706572207363726962696c696e67206f7574206d7920746861756768747321204d6f726520746f20636f6d652e20212e2e2e2e2e2e2e2e2e2e2e2e2e2e6f5a6f, 'mi az en eletem kedvencem', 'tancolni', 0, 1349336414, '68.146.124.2', '197c3117d0be7b30b8bcde044588f508350c5124506d3d5e572f7', 'CAN', 'AB', 11),
(4, 'Pierre Baudin', 'a369f8c90500e4eabce51483da8296bb4a4c157b', 'Pierre.Alex.Baudin@gmail.com', 'www.PierreBaudin.com', NULL, NULL, 'Fire Dancer and Instructor', NULL, '', 'At what age did i start spinning', '15', 0, 1349337647, '71.202.103.70', '0327fa5744d52de90879a4f0d51641d69f03d52f506d422f5e2bf', '', NULL, NULL),
(5, '', 'da39a3ee5e6b4b0d3255bfef95601890afd80709', '', NULL, 'b68f95626ac1e3d3cd851e95deddcaf48dd22ee1', NULL, NULL, NULL, NULL, NULL, NULL, 0, 1349343533, '108.250.142.65', '10a34637ad661d98ba3344717656fcc76209c2f8506d592d82a1e', NULL, NULL, NULL),
(6, 'max65810', 'bdcf520a7d6716a3cf3ab68fe91ce69f9c12b145', 'max65810@yahoo.com', NULL, 'ac5e4e9063afa1aef1893ebaeef936a8069fc87a', NULL, NULL, NULL, NULL, NULL, NULL, 0, 1349343546, '108.250.142.65', '825bc83cb2db4a7eea962e30f1a296be8bd9d129506d593aa7a93', NULL, NULL, NULL),
(7, 'quachqhuy', 'ec285935b46229d40b95438707a7efb2282f2f02', 'quachqhuy@onlyoneweb.com', 'www.onlyoneweb.com', NULL, NULL, 'Web developer', NULL, '', 'who are you', 'huy', 0, 1349354678, '70.28.71.42', '225fc5098dc5ea8da74cd47f60d354bc601873e2506d84b659c01', 'CAN', 'ON', 1),
(8, 'thompsonjosh976', '93d57f283e66b997e6cc4293dc83851e5cca9430', 'thompsonjosh976@gmail.com', NULL, NULL, NULL, NULL, NULL, NULL, 'cats name', 'cali', 0, 1349385233, '24.68.84.169', 'cc26af546cff18823c7688cf17d733e680fff220506dfc11bcb41', NULL, NULL, NULL),
(9, 'Hopeless.Nightmare', 'fe2c26bec5eba017b9c3ea8000980d52b4cba1c8', 'Hopeless.Nightmare@hotmail.com', NULL, '5cbb16541e6efc6f9b6d54cddb65ff5980e4af83', NULL, NULL, NULL, NULL, NULL, NULL, 0, 1349403864, '68.150.37.1', 'dbcd5bd26b061a8249df5e1258a8bcf7ef9179f1506e44d8493c9', NULL, NULL, NULL),
(10, 'info', '7f3ad354521756f9037681eb6463a046054cc6c4', 'info@firelilliedesign.com', NULL, '4c15d43426af827d149e32c0bb21427705d2a57f', NULL, NULL, NULL, NULL, NULL, NULL, 0, 1349457033, '75.159.189.62', 'b8daa25dbdd51eb1b56ebe107ca2918879bd011f506f1489aa012', NULL, NULL, NULL),
(11, '', 'da39a3ee5e6b4b0d3255bfef95601890afd80709', '', NULL, '391441243cf3572c42808e873ea25f1e64d3dd7c', NULL, NULL, NULL, NULL, NULL, NULL, 0, 1349468016, '76.110.168.194', '10a34637ad661d98ba3344717656fcc76209c2f8506f3f708b28d', NULL, NULL, NULL),
(12, 'seofon.fotmael', 'da39a3ee5e6b4b0d3255bfef95601890afd80709', 'seofon.fotmael@gmail.com', NULL, NULL, NULL, NULL, NULL, NULL, 'Favourite prop', 'staff', 0, 1349469010, '204.101.237.139', '5a4c044bfe5a71302deb9495e4ada72f160d843c506f435271ba6', NULL, NULL, NULL),
(13, 'lourlye', 'a8a511e78b8868646d3999ea2e37664fed39caa3', 'lourlye', NULL, '6a458c30b7b229d7d690d93d14002315a1c2191c', NULL, NULL, NULL, NULL, NULL, NULL, 0, 1349485954, '206.75.116.18', '8cc719318626a2a31a1289035b2b03b42e5227fd506f85825b78c', NULL, NULL, NULL),
(14, 'lourlye', 'a8a511e78b8868646d3999ea2e37664fed39caa3', 'lourlye@hotmail.com', NULL, '877a3d41d76d4fb39439d06fc3c3508fdc9d8055', NULL, NULL, NULL, NULL, NULL, NULL, 0, 1349485971, '206.75.116.18', '0d6557dd3ce9e0beb4142dd395496a7a35b423da506f859387fa9', NULL, NULL, NULL),
(15, 'TomCat', '25110e9e843c11b710d92b9666163d015e0a83b7', 'seofon.fotmael@gmail.com', '', NULL, NULL, 'Staff juggling Monkey.', NULL, '', 'Favourite prop', 'staff', 0, 1349527379, '68.146.180.179', '4ce54edf504d08c5a12aa835698d2f80035d70915070275314e4e', 'CAN', 'AB', 11),
(16, 'culp5945', '732a039e4ed1fc96e2a9be2524a789f77caeeedb', 'culp5945@gmail.com', '', NULL, NULL, 'English Teacher ', NULL, 0x4d79206c6f636174696f6e2069732061206c69652c20417420746865206d6f6d656e74204920616d20696e204e616e6a696e67204368696e612e20, 'How many caines?', 'i', 0, 1349572919, '31.193.12.18', '64e66f8a89e1188d3d7f076e6d2260b844908b3c5070d937e3df7', 'USA', 'OR', 425),
(17, 'WearyVagabond', 'c7128de40c79e2d4df4fa29b9dd1c5d55c10f367', 'WearyVagabond@Hotmail.com', NULL, NULL, NULL, NULL, NULL, NULL, 'What is The Holy Hand Grenade of Antioch?', 'pretty', 0, 1349627659, '206.53.144.129', 'b6f0b39b45fe139ff61b7783f0b8066e7c31b1755071af0bd9c9c', NULL, NULL, NULL),
(18, 'Sean Simpson', '68eb3fcf480c6063e7661179d4c250d5233ad5f0', 'simpson1@ualberta.ca', 'http://www.seansimpsondesign.com', NULL, NULL, 'Freelance designer, illustrator, artist', NULL, '', 'What is your rule for the answers to these questions?', 'no caps', 0, 1349746748, '174.3.166.138', '0c57a938df50a7f557c79ccab1fbfde8cec68f215073803cbf119', 'CAN', 'AB', 9),
(19, 'Jared Pi-Trick', '675d6ba0119d1c0f6c48f6d055d405c2843697b2', 'madmasker@hotmail.com', 'madmasker.webs.com', NULL, NULL, 'Highly skilled Fire Performer/ Teacher/ Glow toy maker', NULL, 0x457567656e65204f7265676f6e2c20646566696e6974656c79206e6f7420737072696e676669656c642e2e2e20696e2073696d70736f6e73207465726d696e6f6c6f67792d207368656c627976696c6c65, 'who is your dawg?', 'happy', 0, 1349808025, '67.170.167.30', 'd9dc93cd57a5f39f6af0e8ab5988827e3f4b38bf50746f9939276', 'USA', 'OR', 430),
(20, 'manipulated_fire', '265f5878abcd47baba6af6bdf7a00d7469dbefe7', 'manipulated_fire@yahoo.com', '', NULL, NULL, 'Poi Artist', NULL, '', 'Hometown', 'Fairbanks', 0, 1349808387, '108.167.18.167', 'f495e2c21c0ef5ac043c39b0c1612b73c9d53be95074710331c68', 'USA', 'NE', 0),
(21, 'andrew.george.hammond', '1bf240f811e29b37db069bcf070f1ef006c1a3e1', 'andrew.george.hammond@gmail.com', NULL, 'ba8a78712246b140c3ded596449a9d12e205405c', NULL, NULL, NULL, NULL, NULL, NULL, 0, 1349810188, '98.173.193.68', 'a883e5e1d4ce80c671b0752c6faa7ec755112bde5074780cef907', NULL, NULL, NULL),
(22, 'uviziusdoknurquan', '88caef71c5fc50c400c509a91fcde24c4907f749', 'uviziusdoknurquan@gmail.com', NULL, '19756384376ec0d94d46a6f150e3f27d61233610', NULL, NULL, NULL, NULL, NULL, NULL, 0, 1349813979, '67.139.118.122', '6937c96ac296469a0b4ed67ce9dadb4910188d7c507486db8f6ec', NULL, NULL, NULL),
(23, '', 'da39a3ee5e6b4b0d3255bfef95601890afd80709', '', NULL, 'a73b9811dd8c2cee0f833952ae13f9018e051cd6', NULL, NULL, NULL, NULL, NULL, NULL, 0, 1349813990, '67.137.61.146', '10a34637ad661d98ba3344717656fcc76209c2f8507486e60fe4f', NULL, NULL, NULL),
(24, 'chkoller', '4b67926d4d6301a2b8992f81542f892e3bc8f241', 'chkoller@vassar.edu', NULL, NULL, NULL, NULL, NULL, NULL, 'What was your first pet''s name?', 'Bristol', 0, 1349830876, '143.229.181.82', 'f2273f266fad649eebee3b6122512329b44a97405074c8dc21894', NULL, NULL, NULL),
(25, 'Erich Dibisch', 'efe48547680b0a994fb04c1a833cc73f09e164a8', 'Auzureis@gmail.com', '', NULL, NULL, 'Flow arts Instructor (Poi)', NULL, 0x4d79206e616d6520697320457269636820446962697363682c20492066697273742073746172746564207370696e6e696e67207468696e67732061726f756e64204a616e75617279206f6620323030392e0a0a53696e6365207468656e2c20492776652074616b656e206d79207072616374696365206d616e7920646966666572656e7420706c616365732c20616e642073696e6365203230313120492068617665206265656e207465616368696e6720776f726b73686f707320736361747465726564207468726f7567686f75742063616c69666f726e696120496e636c7564696e673a20436f6e76656374696f6e20323031312c2049676e696768742c20323031322c20466972656472756d7320323031322c20616e64207365766572616c20696e646570656e64656e7420776f726b73686f707320696e2074686520736f75746865726e2063616c69666f726e696120617265612e0a0a49276d20612070617469656e7420646f776e20746f206561727468206775792c2077686f2773206661766f72697465207468696e6720746f20657870657269656e6365206461696c792c2069732074686520736d696c6573206f6e2070656f706c6573206661636573207468617420666c6f7720617274732063616e206272696e672c205768657468657220697427732066726f6d20706c6179696e672c206f72207761746368696e672e0a, 'who is my super hero', 'Burning Dan', 0, 1349883726, '75.82.127.22', 'f195f1ce10e52ae9cfd7a75bc2a1cff3021747d15075974e5a3a1', 'USA', 'CA', 134),
(26, 'Karina', 'a4e4af7a545c5eb8db5943a50e12e973f3f48dab', 'Karina@VestaFireEntertainment.ca', NULL, NULL, NULL, NULL, NULL, NULL, 'First prop?', 'poi', 0, 1349889779, '70.67.18.195', '2eb1a381b9d95410997e2f55d9c51c9b6eaa3ec95075aef372848', NULL, NULL, NULL),
(27, 'Lisa', '59dd3e8ee7015eee8b1cc959705076381de0ba45', 'Lisa@MovementMosaic.com', NULL, NULL, NULL, NULL, NULL, NULL, 'who is yellow?', 'ananta', 0, 1349893385, '50.29.97.71', '217c0c8ef2fa243b3e17847f6518f45dcbbcd0075075bd095b3fc', NULL, NULL, NULL),
(28, 'drglenn', '1ca26e81a85cb35160c89de0143e6b39221136a1', 'drglenn@dr.com', NULL, 'ae4487902c621e01b754775f95feba718d0cc339', NULL, NULL, NULL, NULL, NULL, NULL, 0, 1349905006, '76.91.14.191', 'abd7b47d7a93b6191ad90152586aaff34913def15075ea6e55fc7', NULL, NULL, NULL),
(29, 'Synapticwolf', '50bc17a73f44107cd499e620f044871952035df7', 'Synapticwolf@gmail.com', NULL, '3063071e6900455b6e1eb9d07a7712821cf6cdb1', NULL, NULL, NULL, NULL, NULL, NULL, 0, 1349905681, '81.37.180.128', '4239cc9dc0b6e8f7e0eedb371068b7ca158cc7ef5075ed11132dd', NULL, NULL, NULL),
(30, 'labelsaves6', 'cc671e95686dd43d49030e4133d1880933ec0e5c', 'labelsaves6@yahoo.com', NULL, NULL, NULL, NULL, NULL, NULL, 'first fire toy', 'poi', 0, 1349906238, '184.57.159.0', 'fe6e9e4a46624fc08e70f03a2ef8444231c3df495075ef3ef094d', NULL, NULL, NULL),
(31, 'Cassandra Koukla', '51943d4a5c2780f97c081f40d718004748b89630', 'ctbjten@live.com', 'http://www.youtube.com/user/hOOpChannel?feature=mhee', NULL, NULL, 'Hoop Artist', NULL, '', 'fav pet?', 'tobie', 0, 1349907807, '75.67.96.30', '70f21ee6f8989fbe784d4167865ab4bacf80aea05075f55fc0fcb', 'USA', 'NH', 350),
(32, '', 'da39a3ee5e6b4b0d3255bfef95601890afd80709', '', NULL, '50d9f95fe61860d1a968d3763bc00fb2c079d6ce', NULL, NULL, NULL, NULL, NULL, NULL, 0, 1349909952, '108.13.58.140', '10a34637ad661d98ba3344717656fcc76209c2f85075fdc0f2aed', NULL, NULL, NULL),
(33, 'chriscrina', '382e894ad34b930863aaf7d7ec314bf34bdb8abb', 'chriscrina@gmail.com', NULL, 'fa9ca1e490cce300125669bb29e55a94d72fb3b7', NULL, NULL, NULL, NULL, NULL, NULL, 0, 1349909973, '108.13.58.140', 'ab5265454f9b0f5573bd2364367af9a45f8628a45075fdd5e564d', NULL, NULL, NULL),
(34, 'digicatoffire', 'eafcfb8283b013bbf27931b7b6e4bd1e238d7ad3', 'digicatoffire@gmail.com', NULL, NULL, 1349911390, NULL, NULL, NULL, 'What was the name of your first pet?', 'Starr', 0, 1349910161, '98.246.107.115', 'a435111030b224921ad591ee0b26a77ef56ae68c5075fe918a188', NULL, NULL, NULL),
(35, 'TamedFire', 'def590492ccd6cf5d3b449d20592888a4594e7d7', 'TamedFire@gmail.com', NULL, '9a399c1037dac83caac531fbdfae973cb64ec2d3', NULL, NULL, NULL, NULL, NULL, NULL, 0, 1349915859, '98.255.152.228', 'cea1b7dbb18b15ac657939189951de936a50fa31507614d31de0e', NULL, NULL, NULL),
(38, 'vukhanhtruong', 'e45c8aff12e86cd9feb143b2dcbf4f8696539f78', 'vukhanhtruong@gmail.com', NULL, NULL, 1349926722, NULL, NULL, NULL, NULL, NULL, 0, 1349926506, '127.0.0.1', '020cc9c3fd219f0e055e938e9fdb3f85c66fad9950763e6a38f83', NULL, NULL, NULL),
(39, 'khanhtruong111', 'e45c8aff12e86cd9feb143b2dcbf4f8696539f78', 'khanhtruong111@yahoo.com', NULL, NULL, NULL, NULL, NULL, NULL, NULL, NULL, 0, 1349926728, '127.0.0.1', '2325d2e6052ba61016230c41413eedf90aa3803e50763f481ef31', NULL, NULL, NULL);

-- --------------------------------------------------------

--
-- Table structure for table `fa_users_experience`
--

DROP TABLE IF EXISTS `fa_users_experience`;
CREATE TABLE IF NOT EXISTS `fa_users_experience` (
  `eid` int(10) NOT NULL AUTO_INCREMENT,
  `uid` int(10) NOT NULL,
  `job_title` varchar(255) NOT NULL,
  `job_event_title` varchar(255) NOT NULL,
  `job_description` mediumblob NOT NULL,
  `job_date` date DEFAULT NULL,
  `job_location` varchar(255) NOT NULL,
  `job_link` varchar(255) NOT NULL,
  `job_link_title` varchar(255) NOT NULL,
  `artist_level` char(30) DEFAULT NULL,
  PRIMARY KEY (`eid`),
  KEY `uid` (`uid`)
) ENGINE=MyISAM  DEFAULT CHARSET=utf8 AUTO_INCREMENT=12 ;

--
-- Dumping data for table `fa_users_experience`
--

INSERT INTO `fa_users_experience` (`eid`, `uid`, `job_title`, `job_event_title`, `job_description`, `job_date`, `job_location`, `job_link`, `job_link_title`, `artist_level`) VALUES
(1, 19, 'Assistant Shin: Cinder Circus Fire Conclave', '', 0x436f6f7264696e6174656420616e642068656c706564206c65616420612074616c656e7465642067726f7570206f6620706572666f726d657273207468726f75676820746865206372656174696f6e2c2061756474696f6e2c20616e642066696e616c2070726573656e746174696f6e206f662061206c61726765207363616c652067726f757020656e73656d626c6520666972652073686f772e, '2012-09-01', 'Burning Man', '', '', 'performing_level'),
(2, 19, 'Teaching at Pacific Fire Gathering', '', 0x7461756768742062756c6c776869702c20616e6420646f75626c6520737461666620776f726b73686f7073, '2011-09-16', 'camp merry weather', '', '', 'teaching_level'),
(3, 19, 'Teaching at Pacific Fire Gathering', '', 0x7461756768742062756c6c77686970732c20616e6420646f75626c6520737461666620776f726b73686f7073, '2012-09-14', 'camp merry weather', 'http://www.pacificfiregathering.com/', 'pacific fire gathering homepage', 'teaching_level'),
(4, 19, 'Teaching at Fire Drums', '', 0x54617567687420446f75626c6520537461666620616e642042756c6c7768697020776f726b73686f7073, '2012-06-02', 'Fire Drums', 'http://firedrums.org/Default.aspx', 'Fire Drums Homepage', 'teaching_level'),
(5, 19, 'Performed with Fire', '', '', '2012-10-09', 'Soak', '', '', 'performing_level'),
(6, 19, 'Performed with Cinder Circus Fire Conclave', '', 0x706572666f726d65642077697468207468652063696e64657220636972637573206669726520636f6e636c6176652c20696e207468652070726573656e746174696f6e206f662061206c61726765207363616c652063686f72656f677261706865642067726f75702073686f772e, '2010-09-04', 'Burning Man', '', '', 'performing_level'),
(7, 19, 'Co-Founded: Green Leaf Circus', '', 0x436f2d20466f756e646564206120736d616c6c206369726375732074726f757020746861742067656e65726174656420616e6420706572666f726d656420612066756c6c206c656e677468206369726375732f20746865617465722073686f77207468617420666561747572656420696e207468652056616e636f7576657220496e7465726e6174696f6e616c204672696e676520466573746976616c20323030372e0a0a7574696c697a696e67206d61736b732c20616e642061207468656174726963616c20617070726f616368207468617420776f766520636972637573206172747320696e746f2073746f7279206c696e65732c20477265656e204c656166204369726375732077617320616e206578706572696d656e7420696e20746865206372656174696f6e206f66206e6172726174697665206369726375732e20776974682074686520756c74696d61746520676f616c206f6620626c656e64696e67207468656d20736f207365616d6c6573736c79207468617420746865207374756e6e696e672076697375616c206f662063697263757320617274732061637475616c6c7920656e68616e636564207468652073746f72792074656c6c696e67206361706162696c6974696573206f662074686520706572666f726d6572732e0a0a706f7274696f6e73206f6620746861742074726f75702077656e74206f6e20746f20706572666f726d206174207365766572616c20666573746976616c7320696e636c7564696e6720706172616465206f66206c6f737420736f756c732c20616e64206c756d696e61726573202876616e636f7576657220424320323030372920616e6420466165726965776f726c6473202820457567656e65204f522e20323030372d3230303829, '2007-06-01', 'Vancouver BC', '', '', 'teaching_level'),
(8, 19, 'Eugene Celebration Fire Show W/ the grey matter jugglers and earth descendance', '', 0x706572666f726d65642077697468207468652067726579206d6174746572206a7567676c65727320616e642065617274682064657363656e64616e63652061742074686520457567656e652043656c6562726174696f6e0a, '2011-08-27', 'Eugene Oregon', '', '', 'performing_level'),
(9, 19, 'Fire show with Cascadian Fire Collective, Earth descendance and the grey mattr jugglers', '', 0x706572666f726d6564207769746820612074616c656e7465642062756e6368206f662070656f706c6520696e636c7564696e67206d79206e65776c792062757267656f6e696e6720636f6e636c6176652074726f75706529, '2012-10-09', 'cresfest (creswell oregon)', '', '', 'performing_level'),
(10, 19, 'co-founding the Cascadian Fire Collective', '', 0x626567696e6e696e6720746f206c6179207468652067726f756e64776f726b20666f722061206e6577206669726520636f6e636c61766520746f20706572666f726d206174206275726e696e67206d616e20323031332e207365656b696e67206d6f7469766174656420616e6420636f6d6d697474656420706572666f726d6572732077686f20617265206163746976656c79206275696c64696e67207468656972206f776e2063686f72656f67726170687920616c72656164792c20616e642061726520617661696c61626c6520746f20636f6d652066696c6d20736f6d65776865726520696e206f7265676f6e2077697468207468652072657374206f66207468652067726f757020736f6d652074696d6520696e206a756e652e2e2e2e20696e7465726573746564207061727469657320706c6561736520636f6e74616374206d65, '2012-07-07', 'Greater Cascadia (oregon, washington, northern california)', '', '', 'teaching_level'),
(11, 25, 'Firedrums 2012 Workshop on Atomics/Static Rotation', '', '', '2012-10-10', 'Firedrums 2012', '', 'June 1st', 'teaching_level');

-- --------------------------------------------------------

--
-- Table structure for table `fa_users_links`
--

DROP TABLE IF EXISTS `fa_users_links`;
CREATE TABLE IF NOT EXISTS `fa_users_links` (
  `lid` int(10) NOT NULL AUTO_INCREMENT,
  `uid` int(10) NOT NULL,
  `name` varchar(255) NOT NULL,
  `link` varchar(255) NOT NULL,
  `facebook` varchar(255) DEFAULT NULL,
  `twitter` varchar(255) DEFAULT NULL,
  `googleplus` varchar(255) DEFAULT NULL,
  `youtube` varchar(255) DEFAULT NULL,
  `vimeo` varchar(255) DEFAULT NULL,
  `foursquare` varchar(255) DEFAULT NULL,
  `soundcloud` varchar(255) DEFAULT NULL,
  `devianart` varchar(255) DEFAULT NULL,
  `photobucket` varchar(255) DEFAULT NULL,
  `link1` varchar(255) DEFAULT NULL,
  `link2` varchar(255) DEFAULT NULL,
  `link3` varchar(255) DEFAULT NULL,
  `link4` varchar(255) DEFAULT NULL,
  `title1` varchar(255) DEFAULT NULL,
  `title2` varchar(255) DEFAULT NULL,
  `title3` varchar(255) DEFAULT NULL,
  `title4` varchar(255) DEFAULT NULL,
  PRIMARY KEY (`lid`),
  KEY `uid` (`uid`)
) ENGINE=MyISAM  DEFAULT CHARSET=utf8 AUTO_INCREMENT=5 ;

--
-- Dumping data for table `fa_users_links`
--

INSERT INTO `fa_users_links` (`lid`, `uid`, `name`, `link`, `facebook`, `twitter`, `googleplus`, `youtube`, `vimeo`, `foursquare`, `soundcloud`, `devianart`, `photobucket`, `link1`, `link2`, `link3`, `link4`, `title1`, `title2`, `title3`, `title4`) VALUES
(1, 2, '', '', 'https://www.facebook.com/DanteEpicart', '', '', '', '', '', '', '', '', '', '', '', '', 'Untitled', 'Untitled', 'Untitled', 'Untitled'),
(2, 18, '', '', '', '', '', '', '', '', '', 'http://tokechan.deviantart.com', '', 'http://tokechan.tumblr.com', 'http://www.seansimpsondesign.com', '', '', 'Tumblr', 'Portfolio', 'Untitled', 'Untitled'),
(3, 25, '', '', 'Facebook.com/ErichDibisch', '', '', 'Youtube.com/Erich99', '', '', '', '', '', '', '', '', '', 'Untitled', 'Untitled', 'Untitled', 'Untitled'),
(4, 31, '', '', '', '', '', 'http://www.youtube.com/user/hOOpChannel?feature=mhee', '', '', '', '', '', '', '', '', '', 'Untitled', 'Untitled', 'Untitled', 'Untitled');

-- --------------------------------------------------------

--
-- Table structure for table `fa_users_settings`
--

DROP TABLE IF EXISTS `fa_users_settings`;
CREATE TABLE IF NOT EXISTS `fa_users_settings` (
  `setting_name` varchar(255) NOT NULL,
  `setting_value` varchar(255) NOT NULL,
  `uid` int(10) NOT NULL,
  `setting_id` int(10) NOT NULL AUTO_INCREMENT,
  PRIMARY KEY (`setting_id`),
  KEY `uid` (`uid`)
) ENGINE=MyISAM  DEFAULT CHARSET=utf8 AUTO_INCREMENT=40 ;

--
-- Dumping data for table `fa_users_settings`
--

INSERT INTO `fa_users_settings` (`setting_name`, `setting_value`, `uid`, `setting_id`) VALUES
('', '', 1, 1),
('', '', 2, 2),
('', '', 3, 3),
('', '', 4, 4),
('', '', 5, 5),
('', '', 6, 6),
('', '', 7, 7),
('', '', 8, 8),
('', '', 9, 9),
('', '', 10, 10),
('', '', 11, 11),
('', '', 12, 12),
('', '', 13, 13),
('', '', 14, 14),
('', '', 15, 15),
('', '', 16, 16),
('', '', 17, 17),
('', '', 18, 18),
('', '', 19, 19),
('', '', 20, 20),
('', '', 21, 21),
('', '', 22, 22),
('', '', 23, 23),
('', '', 24, 24),
('', '', 25, 25),
('', '', 26, 26),
('', '', 27, 27),
('', '', 28, 28),
('', '', 29, 29),
('', '', 30, 30),
('', '', 31, 31),
('', '', 32, 32),
('', '', 33, 33),
('', '', 34, 34),
('', '', 35, 35),
('', '', 36, 36),
('', '', 37, 37),
('', '', 38, 38),
('', '', 39, 39);

-- --------------------------------------------------------

--
-- Table structure for table `fa_users_skills`
--

DROP TABLE IF EXISTS `fa_users_skills`;
CREATE TABLE IF NOT EXISTS `fa_users_skills` (
  `sid` int(10) NOT NULL AUTO_INCREMENT,
  `uid` int(10) NOT NULL,
  `name` varchar(255) NOT NULL,
  `artist_level` char(30) DEFAULT NULL,
  PRIMARY KEY (`sid`),
  KEY `uid` (`uid`)
) ENGINE=MyISAM  DEFAULT CHARSET=utf8 AUTO_INCREMENT=42 ;

--
-- Dumping data for table `fa_users_skills`
--

INSERT INTO `fa_users_skills` (`sid`, `uid`, `name`, `artist_level`) VALUES
(1, 1, 'Poi', 'student_level'),
(2, 1, 'Staff', 'student_level'),
(3, 1, 'Hula Hoop', 'student_level'),
(4, 1, 'Sai', 'student_level'),
(5, 1, 'Contact Juggling', 'student_level'),
(6, 2, 'Poi', 'teaching_level'),
(7, 2, 'Staff', 'teaching_level'),
(8, 2, 'Buugeng', 'teaching_level'),
(9, 2, 'Double Staff', 'performing_level'),
(10, 2, 'Poi', 'performing_level'),
(11, 2, 'Staff', 'performing_level'),
(12, 2, 'Contact Staff', 'performing_level'),
(13, 2, 'Keyboard', 'student_level'),
(14, 2, 'Guitar', 'student_level'),
(15, 16, 'Poi', 'performing_level'),
(16, 16, 'Levi-Stick', 'teaching_level'),
(17, 16, 'Fan', 'student_level'),
(18, 16, 'Contact Ball', 'student_level'),
(19, 16, 'Fire Breathing', 'student_level'),
(20, 18, 'Proficient with Adobe Creative Suite. CSS, HTML Experienced with print media, photography, typography and illustration. Experienced at conducting primary and secondary research. Good communication skills, verbal and written. Creative problem solver. Equal', 'performing_level'),
(21, 19, 'double staff', 'teaching_level'),
(22, 19, 'contact staff', 'teaching_level'),
(23, 19, 'bullwhips', 'teaching_level'),
(24, 19, 'clown', 'performing_level'),
(25, 19, 'contact juggler', 'student_level'),
(26, 19, 'juggler', 'student_level'),
(27, 20, 'Poi', 'teaching_level'),
(28, 20, 'Fire Sword', 'performing_level'),
(29, 20, 'Devil Stick', 'student_level'),
(30, 20, 'Levi Stick', 'student_level'),
(31, 20, 'Rope Dart', 'student_level'),
(32, 20, 'Card Tricks', 'performing_level'),
(34, 20, 'Poi', 'performing_level'),
(35, 25, 'Poi', 'teaching_level'),
(36, 25, 'Staff (Doubles & Single)', 'performing_level'),
(37, 25, 'Juggling', 'student_level'),
(38, 31, '', 'teaching_level'),
(39, 31, 'MusicalArts Academy of Music & Dance', 'teaching_level'),
(40, 31, 'Experienced', 'student_level'),
(41, 31, 'Would love to', 'performing_level');

-- --------------------------------------------------------

--
-- Table structure for table `fa_users_stats`
--

DROP TABLE IF EXISTS `fa_users_stats`;
CREATE TABLE IF NOT EXISTS `fa_users_stats` (
  `statid` int(10) NOT NULL AUTO_INCREMENT,
  `uid` int(10) NOT NULL,
  `views` int(100) NOT NULL DEFAULT '0',
  PRIMARY KEY (`statid`),
  KEY `uid` (`uid`,`views`)
) ENGINE=MyISAM  DEFAULT CHARSET=utf8 AUTO_INCREMENT=40 ;

--
-- Dumping data for table `fa_users_stats`
--

INSERT INTO `fa_users_stats` (`statid`, `uid`, `views`) VALUES
(1, 1, 19),
(2, 2, 24),
(3, 3, 4),
(4, 4, 10),
(5, 5, 0),
(6, 6, 0),
(7, 7, 15),
(8, 8, 7),
(9, 9, 0),
(10, 10, 0),
(11, 11, 0),
(12, 12, 3),
(13, 13, 0),
(14, 14, 0),
(15, 15, 7),
(16, 16, 7),
(17, 17, 29),
(18, 18, 6),
(19, 19, 6),
(20, 20, 7),
(21, 21, 0),
(22, 22, 0),
(23, 23, 0),
(24, 24, 2),
(25, 25, 0),
(26, 26, 6),
(27, 27, 1),
(28, 28, 0),
(29, 29, 0),
(30, 30, 2),
(31, 31, 5),
(32, 32, 0),
(33, 33, 0),
(34, 34, 2),
(35, 35, 0),
(36, 36, 0),
(37, 37, 0),
(38, 38, 0),
(39, 39, 0);

-- --------------------------------------------------------

--
-- Table structure for table `fa_users_videos`
--

DROP TABLE IF EXISTS `fa_users_videos`;
CREATE TABLE IF NOT EXISTS `fa_users_videos` (
  `vid` int(10) NOT NULL AUTO_INCREMENT,
  `uid` int(10) NOT NULL,
  `name` varchar(255) NOT NULL,
  `link` varchar(255) NOT NULL,
  PRIMARY KEY (`vid`),
  KEY `uid` (`uid`)
) ENGINE=MyISAM  DEFAULT CHARSET=utf8 AUTO_INCREMENT=6 ;

--
-- Dumping data for table `fa_users_videos`
--

INSERT INTO `fa_users_videos` (`vid`, `uid`, `name`, `link`) VALUES
(1, 16, 'GuanYin State of Play', 'http://www.youtube.com/watch?v=w_Hxtz-DoFA&amp;list=UUlLFDnXECLDOssoeuC9ipyg&amp;index=1&amp;feature=plcp'),
(2, 19, 'Gyros', 'http://youtu.be/I8_dcjO_HpA'),
(3, 31, 'Eternal Love', 'http://www.youtube.com/watch?v=zTiVnOwMCuY&amp;feature=plcp'),
(4, 31, 'Short Promo Vid', 'http://www.youtube.com/watch?v=x5ILLhgby9M&amp;feature=channel&amp;list=UL'),
(5, 31, 'love', 'http://www.youtube.com/watch?v=TbkeXUu6qms&amp;feature=channel&amp;list=UL');
